<?xml version="1.0" encoding="UTF-8"?>
<beans xmlns="http://www.springframework.org/schema/beans"
       xmlns:xsi="http://www.w3.org/2001/XMLSchema-instance"
       xmlns:context="http://www.springframework.org/schema/context"
       xmlns:mvc="http://www.springframework.org/schema/mvc"
       xsi:schemaLocation="http://www.springframework.org/schema/beans http://www.springframework.org/schema/beans/spring-beans.xsd http://www.springframework.org/schema/context http://www.springframework.org/schema/context/spring-context.xsd http://www.springframework.org/schema/mvc http://www.springframework.org/schema/mvc/spring-mvc.xsd">

    <!-- 自动扫描该包下面的类 -->
    <context:component-scan base-package="com.newland.ssm" />

    <mvc:resources location="/common/" mapping="/common/**" />
    <mvc:resources location="/pages/" mapping="/pages/**" />

    <!--默认的mvc注解映射的支持 -->
    <mvc:annotation-driven>
        <mvc:message-converters register-defaults="true">
            <ref bean="stringHttpMessageConverter" />
            <ref bean="fastJsonHttpMessageConverter" />
        </mvc:message-converters>
    </mvc:annotation-driven>
    <bean id="stringHttpMessageConverter"
          class="org.springframework.http.converter.StringHttpMessageConverter">
        <constructor-arg value="UTF-8" index="0"></constructor-arg><!--
			避免出现乱码 -->
        <property name="supportedMediaTypes">
            <list>
                <value>text/plain;charset=UTF-8</value>
            </list>
        </property>
    </bean>
    <bean id="fastJsonHttpMessageConverter"
          class="com.alibaba.fastjson.support.spring.FastJsonHttpMessageConverter">
        <property name="supportedMediaTypes">
            <list>
                <value>application/json;charset=UTF-8</value>
                <value>text/html;charset=UTF-8</value><!-- 避免IE出现下载JSON文件的情况 -->
            </list>
        </property>
        <property name="features">
            <array value-type="com.alibaba.fastjson.serializer.SerializerFeature">
                <value>WriteMapNullValue</value>
                <value>QuoteFieldNames</value>
                <value>DisableCircularReferenceDetect</value>
            </array>
        </property>
    </bean>

    <!-- Default ViewResolver对模型视图名称的解析即在模型视图名称添加前后缀 -->
    <bean id="viewResolver"
          class="org.springframework.web.servlet.view.InternalResourceViewResolver">
        <property name="viewClass"
                  value="org.springframework.web.servlet.view.JstlView" />
        <property name="prefix" value="/pages/" />
        <property name="suffix" value=".jsp"></property>
    </bean>

</beans>