<?xml version="1.0" encoding="UTF-8"?>
<beans xmlns="http://www.springframework.org/schema/beans"
       xmlns:xsi="http://www.w3.org/2001/XMLSchema-instance" xmlns:tx="http://www.springframework.org/schema/tx"
       xmlns:aop="http://www.springframework.org/schema/aop"
       xsi:schemaLocation="http://www.springframework.org/schema/beans http://www.springframework.org/schema/beans/spring-beans.xsd http://www.springframework.org/schema/tx http://www.springframework.org/schema/tx/spring-tx.xsd http://www.springframework.org/schema/aop http://www.springframework.org/schema/aop/spring-aop.xsd">

    <bean id="configProperties"
          class="org.springframework.beans.factory.config.PropertyPlaceholderConfigurer">
        <property name="locations">
            <list>
                <value>classpath:resources/config/jdbc.properties</value>
            </list>
        </property>
    </bean>

    <!-- 配置数据源 -->
    <bean id="dataSource" class="org.apache.commons.dbcp.BasicDataSource">
        <property name="driverClassName" value="${jdbc.driverClassName}"/>
        <property name="url" value="${jdbc.url}"/>
        <property name="username" value="${jdbc.username}"/>
        <property name="password" value="${jdbc.password}"/>
        <property name="initialSize" value="${jdbc.initialSize}"></property>
        <property name="maxActive" value="${jdbc.maxActive}"/>
        <property name="maxIdle" value="${jdbc.maxIdle}"/>
        <property name="maxWait" value="${jdbc.maxWait}"/>
        <property name="validationQuery" value="${jdbc.validationQuery}"></property>
        <property name="testWhileIdle" value="${jdbc.testWhileIdle}"></property>
        <property name="testOnBorrow" value="${jdbc.testOnBorrow}"></property>
        <property name="timeBetweenEvictionRunsMillis" value="${jdbc.timeBetweenEvictionRunsMillis}"></property>
        <property name="numTestsPerEvictionRun" value="${jdbc.numTestsPerEvictionRun}"></property>
        <property name="minEvictableIdleTimeMillis" value="${jdbc.minEvictableIdleTimeMillis}"></property>
        <property name="removeAbandoned" value="${jdbc.removeAbandoned}"/>
        <property name="removeAbandonedTimeout" value="${jdbc.removeAbandonedTimeout}"/>
    </bean>

    <!-- myBatis文件 -->
    <bean id="sqlSessionFactory" class="org.mybatis.spring.SqlSessionFactoryBean">
        <property name="dataSource" ref="dataSource" />
        <property name="mapperLocations" value="classpath*:com/newland/ssm/model/mybatis/*.xml" />
        <property name="plugins">
            <array>
                <bean class="com.github.pagehelper.PageHelper">
                    <property name="properties">
                        <value>
                            dialect=mysql
                        </value>
                    </property>
                </bean>
            </array>
        </property>
    </bean>

    <bean class="org.mybatis.spring.mapper.MapperScannerConfigurer">
        <property name="basePackage" value="com.newland.ssm.dao" />
        <property name="sqlSessionFactoryBeanName" value="sqlSessionFactory" />
    </bean>

    <!-- 配置事务管理器 -->
    <bean id="transactionManager"
          class="org.springframework.jdbc.datasource.DataSourceTransactionManager">
        <property name="dataSource" ref="dataSource"></property>
    </bean>

    <!-- 配置事务处理面（事务通知） -->
    <tx:advice id="appAdvice" transaction-manager="transactionManager">
        <tx:attributes>
            <!-- 配置事务属性 -->
            <!-- 默认值： isolation="DEFAULT" timeout="-1" propagation="REQUIRED" read-only="false" -->
            <tx:method name="insert*" propagation="REQUIRED" />
            <tx:method name="update*" propagation="REQUIRED" />
            <tx:method name="delete*" propagation="REQUIRED" />
            <tx:method name="batch*" propagation="REQUIRED" />
            <tx:method name="read*" propagation="REQUIRED" read-only="true" />
            <tx:method name="get*" propagation="REQUIRED" read-only="true" />
            <tx:method name="count*" propagation="REQUIRED" read-only="true" />
            <tx:method name="find*" propagation="REQUIRED" read-only="true" />
            <tx:method name="*" read-only="true" />
        </tx:attributes>
    </tx:advice>

    <!-- 配置AOP事务 -->
    <aop:config>
        <!-- 配置事务切点 -->
        <aop:pointcut expression="execution(* com.newland.ssm.service.*Service.*(..))"
                      id="appPoint" />
        <!-- 结合事务切点与切面 -->
        <aop:advisor advice-ref="appAdvice" pointcut-ref="appPoint" />
    </aop:config>

    <bean id="jdbcTemplate" class="org.springframework.jdbc.core.JdbcTemplate">
        <property name="dataSource" ref="dataSource"></property>
    </bean>

    <bean id="namedTemplate"
          class="org.springframework.jdbc.core.namedparam.NamedParameterJdbcTemplate">
        <constructor-arg index="0" ref="dataSource"></constructor-arg>
    </bean>

</beans>